{
  "train_losses": [
    7.896717887908104,
    6.885913968086243,
    6.83075305552798,
    6.775404737153406,
    6.74253680826625,
    6.70770810503904,
    6.68798636462438,
    6.67039705760748,
    6.631951072336634,
    6.600470409319095,
    6.5345704852375075,
    6.487703322436559,
    6.4349402787620456,
    6.4244125098106,
    6.35249487806387,
    6.304774829849658,
    6.247453565263562,
    6.185317848906907,
    6.146606113196347,
    6.110982536805743,
    6.0996125699945,
    5.989524767092694,
    5.951073939698215,
    5.892612148351707,
    5.85434060268365,
    5.856498144016192,
    5.768606573691164,
    5.764583684127155,
    5.738625021760102,
    5.64506946649069,
    5.606762039058403
  ],
  "train_play_losses": [
    0.620185089250483,
    0.6121013259609386,
    0.5929224406466874,
    0.5746466108101351,
    0.551635285991639,
    0.5399739986959599,
    0.5314523001357275,
    0.5287323589454829,
    0.5245938558522829,
    0.520328641865504,
    0.5152320459427073,
    0.5131934844102377,
    0.5072848446638204,
    0.502869316228169,
    0.5012655876258004,
    0.497323371788871,
    0.4938533181462306,
    0.490155892265446,
    0.48503369197307394,
    0.4806220460146782,
    0.4840778680626984,
    0.47694131123184696,
    0.47762390739259086,
    0.4759757385411615,
    0.4674414182915298,
    0.471454949752366,
    0.46656546367745455,
    0.4628253843533854,
    0.4654180390709569,
    0.45946213289921384,
    0.46225861004818275
  ],
  "train_card_losses": [
    1.3926233976267655,
    1.3805695716509094,
    1.3868117722091973,
    1.3835628607857553,
    1.3769895009957398,
    1.3675334690145946,
    1.3617040252871087,
    1.3452207415948119,
    1.3356824104424116,
    1.323576531521541,
    1.2930669673222048,
    1.2665714565881958,
    1.2305147469275657,
    1.2055652470904101,
    1.161379841051213,
    1.1228089246768431,
    1.1082615979914536,
    1.0690087343236352,
    1.018435476818901,
    1.004311569411931,
    0.9786115251626486,
    0.9381699177367678,
    0.9194905732392337,
    0.8791635053355522,
    0.8447868222450468,
    0.8561513457548757,
    0.8177504842151464,
    0.7883748678845655,
    0.7773769661088398,
    0.7636006774692452,
    0.7381584886280306
  ],
  "train_pos_losses": [
    5.945954304260966,
    4.943289516500926,
    4.900452355930313,
    4.866199223447866,
    4.8629261463996505,
    4.848970672963659,
    4.8437926407454075,
    4.845339308452977,
    4.820364223843883,
    4.805089399508465,
    4.774742559700161,
    4.756071599077158,
    4.745276594904146,
    4.7642461316594815,
    4.737964066086112,
    4.732741881901188,
    4.6930927432464715,
    4.673699866009129,
    4.69100913927249,
    4.673814781908859,
    4.684496399957382,
    4.621900821010426,
    4.601382013424825,
    4.58429439522413,
    4.589248089474927,
    4.575862759282153,
    4.531030628931662,
    4.560307413687502,
    4.542437071002411,
    4.468229594397638,
    4.452480016515413
  ],
  "val_losses": [
    7.081760573387146,
    6.901891827583313,
    6.878071856498718,
    6.850628888607025,
    6.864301252365112,
    6.851204419136048,
    6.876717042922974,
    6.885996997356415,
    6.849681150913239,
    6.913519632816315,
    6.857870197296142,
    6.8828352928161625,
    7.117328560352325,
    7.258739042282104,
    7.578860104084015,
    6.9929295659065245,
    7.146154010295868,
    7.085638558864593,
    7.15552009344101,
    7.1914966106414795,
    7.215338242053986,
    7.16323093175888,
    7.3809840202331545,
    7.645982122421264,
    7.820461046695709,
    7.312033474445343,
    7.4523049116134645,
    7.442177212238311,
    7.907572686672211,
    7.929446446895599,
    7.721574175357818
  ],
  "val_accuracies": [
    0.0023847376788553257,
    0.003179650238473768,
    0.0047694753577106515,
    0.037360890302066775,
    0.030206677265500796,
    0.49205087440381556,
    0.04689984101748808,
    0.04531001589825119,
    0.20508744038155802,
    0.04689984101748808,
    0.2933227344992051,
    0.19475357710651828,
    0.1891891891891892,
    0.18600953895071543,
    0.0047694753577106515,
    0.20031796502384738,
    0.6009538950715422,
    0.2066772655007949,
    0.0643879173290938,
    0.24483306836248012,
    0.27821939586645467,
    0.3004769475357711,
    0.15977742448330684,
    0.3426073131955485,
    0.04689984101748808,
    0.2790143084260731,
    0.18680445151033387,
    0.15262321144674085,
    0.20270270270270271,
    0.16454689984101747,
    0.18441971383147854
  ],
  "val_action_recalls": [
    1.0,
    1.0,
    1.0,
    0.9887640449438202,
    0.9943820224719101,
    0.6910112359550562,
    0.9831460674157303,
    0.9831460674157303,
    0.9044943820224719,
    0.9887640449438202,
    0.797752808988764,
    0.9157303370786517,
    0.9213483146067416,
    0.9101123595505618,
    1.0,
    0.9044943820224719,
    0.5224719101123596,
    0.8820224719101124,
    0.9606741573033708,
    0.8370786516853933,
    0.8202247191011236,
    0.7865168539325843,
    0.9157303370786517,
    0.6797752808988764,
    0.9606741573033708,
    0.8202247191011236,
    0.8932584269662921,
    0.9157303370786517,
    0.848314606741573,
    0.8932584269662921,
    0.8932584269662921
  ],
  "val_action_precisions": [
    0.14149443561208266,
    0.14149443561208266,
    0.1419457735247209,
    0.14521452145214522,
    0.14472608340147178,
    0.21025641025641026,
    0.14595496246872394,
    0.14534883720930233,
    0.16328600405679514,
    0.1464226289517471,
    0.16569428238039674,
    0.163,
    0.16253716551040634,
    0.16023738872403562,
    0.14171974522292993,
    0.162134944612286,
    0.22248803827751196,
    0.16020408163265307,
    0.14553191489361703,
    0.16108108108108107,
    0.16609783845278725,
    0.16568047337278108,
    0.15583173996175909,
    0.15633074935400518,
    0.14273789649415694,
    0.16534541336353342,
    0.15773809523809523,
    0.15421002838221382,
    0.15423901940755874,
    0.15332690453230471,
    0.15711462450592886
  ],
  "val_action_f1s": [
    0.2479108635097493,
    0.2479108635097493,
    0.24860335195530728,
    0.25323741007194245,
    0.25267665952890794,
    0.3224115334207077,
    0.25417574437182283,
    0.25325615050651235,
    0.2766323024054983,
    0.25507246376811593,
    0.2743961352657005,
    0.2767402376910017,
    0.2763268744734625,
    0.2724978973927671,
    0.24825662482566246,
    0.2749786507258753,
    0.31208053691275167,
    0.27115716753022456,
    0.2527716186252772,
    0.27017225747960105,
    0.27625354777672656,
    0.27370478983382207,
    0.26633986928104575,
    0.25420168067226895,
    0.24854651162790695,
    0.27521206409048066,
    0.26812816188870153,
    0.2639676113360324,
    0.26101987899740714,
    0.2617283950617284,
    0.26722689075630257
  ],
  "val_noop_accuracies": [
    0.0,
    0.0,
    0.003703703703703704,
    0.040740740740740744,
    0.03148148148148148,
    0.5722222222222222,
    0.05185185185185185,
    0.04722222222222222,
    0.2361111111111111,
    0.05,
    0.33796296296296297,
    0.225,
    0.2175925925925926,
    0.21388888888888888,
    0.001851851851851852,
    0.22962962962962963,
    0.6990740740740741,
    0.23796296296296296,
    0.07037037037037037,
    0.2814814814814815,
    0.3212962962962963,
    0.3472222222222222,
    0.1824074074074074,
    0.39537037037037037,
    0.049074074074074076,
    0.3175925925925926,
    0.21388888888888888,
    0.17222222222222222,
    0.23333333333333334,
    0.18703703703703703,
    0.2101851851851852
  ],