{
  "train_losses": [
    7.589335352875466,
    6.831568204155264,
    6.770620035570722,
    6.687178323435229,
    6.6252106252566785,
    6.545759581780249,
    6.3664432496063466,
    6.198730705320373,
    6.018810153931611,
    5.84617785889973,
    5.638694260471551,
    5.465628084286239,
    5.33667130802953,
    5.220231248426807,
    5.139684455339299,
    4.996781389842662,
    4.899192425631737,
    4.823879648548688,
    4.703112389690192,
    4.650548485822456,
    4.543024793151737,
    4.517258729121481,
    4.423271498938863,
    4.322592308354932,
    4.211394688879797,
    4.144104772759962,
    4.061472160871639,
    4.003343517466109
  ],
  "train_play_losses": [
    0.6107602322748465,
    0.5901974996393041,
    0.5431368180023607,
    0.5159287429595178,
    0.492819069891937,
    0.4780266402765762,
    0.45233894838381183,
    0.4337560539097749,
    0.42340076177619224,
    0.40746270709259563,
    0.3968314512293468,
    0.38186452370281365,
    0.3729480105315068,
    0.35677208133446153,
    0.3503167671981708,
    0.3356633921002233,
    0.3351500393577324,
    0.32862850226635154,
    0.3106871414785237,
    0.309177197573721,
    0.29275687616462853,
    0.3036337940729866,
    0.2923311484298965,
    0.2783320176509,
    0.2753829235254332,
    0.2998425709877827,
    0.27546791304913604,
    0.2711368422637614
  ],
  "train_card_losses": [
    1.3935195004293162,
    1.3948401351307713,
    1.387183197709017,
    1.370381655619126,
    1.3464496643968331,
    1.3063396307849144,
    1.2221663640451061,
    1.1048551784005276,
    0.9586573196936023,
    0.8329374547614607,
    0.6764367375840512,
    0.5647454455263855,
    0.470967817445134,
    0.41443057202322536,
    0.37503907332817715,
    0.32032829176547917,
    0.2930725513878026,
    0.25656856054281313,
    0.24314916388008945,
    0.24288553965472898,
    0.2227016627326492,
    0.23929598538363858,
    0.19958548521435307,
    0.1922206564900256,
    0.19831056025081364,
    0.19482554879053965,
    0.17459037529246868,
    0.18513137239659594
  ],
  "train_pos_losses": [
    5.642590042232543,
    4.895895044932994,
    4.8895309840061865,
    4.8498440121495445,
    4.834750615349112,
    4.809822777445002,
    4.740134697551875,
    4.707712180854738,
    4.684195307798164,
    4.652775198914284,
    4.612220283626586,
    4.565576910048492,
    4.5389826907668,
    4.494943775871928,
    4.459838105726612,
    4.385706995808801,
    4.315359259760657,
    4.2826517404511915,
    4.192586678867192,
    4.141305431839108,
    4.069712322811748,
    4.016158473584079,
    3.9726473878520405,
    3.892814323883648,
    3.7776317078937858,
    3.688466805820317,
    3.650185143300729,
    3.584898599358492
  ],
  "val_losses": [
    6.936860203742981,
    6.85303475856781,
    6.961247849464416,
    7.309212350845337,
    7.007187485694885,
    7.230853080749512,
    8.247182321548461,
    8.29874279499054,
    8.793728876113892,
    9.82521698474884,
    23.472470474243163,
    16.59731516838074,
    18.510342168807984,
    14.583182239532471,
    16.913946914672852,
    32.968019580841066,
    14.708414125442506,
    18.59274568557739,
    22.10636510848999,
    30.4689190864563,
    16.082203578948974,
    17.45713038444519,
    15.989732360839843,
    16.377957153320313,
    20.752501201629638,
    23.69912643432617,
    31.2585750579834,
    41.798771667480466
  ],
  "val_accuracies": [
    0.005564387917329093,
    0.431637519872814,
    0.00794912559618442,
    0.8553259141494436,
    0.294912559618442,
    0.809220985691574,
    0.003179650238473768,
    0.814785373608903,
    0.16057233704292528,
    0.8457869634340223,
    0.856120826709062,
    0.000794912559618442,
    0.47456279809220986,
    0.6271860095389508,
    0.0023847376788553257,
    0.0023847376788553257,
    0.006359300476947536,
    0.0,
    0.012718600953895072,
    0.0,
    0.26391096979332274,
    0.5834658187599364,
    0.7496025437201908,
    0.1041335453100159,
    0.8497615262321144,
    0.04292527821939587,
    0.8537360890302067,
    0.000794912559618442
  ],
  "val_action_recalls": [
    1.0,
    0.7303370786516854,
    1.0,
    0.03932584269662921,
    0.8426966292134831,
    0.17415730337078653,
    1.0,
    0.15168539325842698,
    0.898876404494382,
    0.07865168539325842,
    0.016853932584269662,
    1.0,
    0.6966292134831461,
    0.4438202247191011,
    1.0,
    1.0,
    1.0,
    1.0,
    0.9943820224719101,
    1.0,
    0.7752808988764045,
    0.5449438202247191,
    0.2696629213483146,
    0.898876404494382,
    0.028089887640449437,
    0.9719101123595506,
    0.033707865168539325,
    1.0
  ],
  "val_action_precisions": [
    0.14217252396166133,
    0.19461077844311378,
    0.14228617106314947,
    0.6363636363636364,
    0.17421602787456447,
    0.3263157894736842,
    0.14160700079554495,
    0.3253012048192771,
    0.15384615384615385,
    0.4666666666666667,
    0.5,
    0.14149443561208266,
    0.20361247947454844,
    0.21351351351351353,
    0.14149443561208266,
    0.14149443561208266,
    0.14217252396166133,
    0.14149443561208266,
    0.1422829581993569,
    0.14149443561208266,
    0.15575620767494355,
    0.21797752808988763,
    0.2594594594594595,
    0.1442741208295762,
    0.3125,
    0.14428690575479566,
    0.5,
    0.14149443561208266
  ],
  "val_action_f1s": [
    0.24895104895104891,
    0.3073286052009456,
    0.24912526242127359,
    0.07407407407407407,
    0.2887391722810395,
    0.22710622710622713,
    0.24808362369337977,
    0.20689655172413796,
    0.26272577996715935,
    0.13461538461538464,
    0.03260869565217391,
    0.2479108635097493,
    0.31512071156289706,
    0.2883211678832117,
    0.2479108635097493,
    0.2479108635097493,
    0.24895104895104891,
    0.2479108635097493,
    0.2489451476793249,
    0.2479108635097493,
    0.25939849624060146,
    0.3113964686998395,
    0.2644628099173554,
    0.24864024864024867,
    0.051546391752577324,
    0.2512708787218591,
    0.06315789473684211,
    0.2479108635097493
  ],
  "val_noop_accuracies": [
    0.005555555555555556,
    0.5018518518518519,
    0.006481481481481481,
    0.9962962962962963,
    0.3416666666666667,
    0.9407407407407408,
    0.000925925925925926,
    0.9481481481481482,
    0.18518518518518517,
    0.9851851851851852,
    0.9972222222222222,
    0.0,
    0.5509259259259259,
    0.7305555555555555,
    0.0,
    0.0,
    0.005555555555555556,
    0.0,
    0.012037037037037037,
    0.0,
    0.3074074074074074,
    0.6777777777777778,
    0.8731481481481481,
    0.12129629629629629,
    0.9898148148148148,
    0.05,
    0.9944444444444445,
    0.0
  ],
  "val_card_accuracies": [
    0.16853932584269662,
    0.24615384615384617,
    0.23595505617977527,
    0.14285714285714285,
    0.2733333333333333,
    0.25806451612903225,
    0.2696629213483146,
    0.14814814814814814,
    0.25625,
    0.14285714285714285,
    0.3333333333333333,
    0.19101123595505617,
    0.20967741935483872,
    0.21518987341772153,
    0.3146067415730337,
    0.19101123595505617,
    0.24719101123595505,
    0.2696629213483146,
    0.23163841807909605,
    0.24157303370786518,
    0.16666666666666666,
    0.29896907216494845,
    0.25,
    0.2625,
    0.2,
    0.1791907514450867,
    0.0,
    0.3089887640449438
  ],
  "best_action_f1": 0.31512071156289706,
  "best_epoch": 12
}