{
  "train_losses": [
    7.7348304555684635,
    6.815384463035206,
    6.759195489688131,
    6.646660808003396,
    6.613975387587889,
    6.59749953657287,
    6.520178228108143,
    6.503480248890639,
    6.423870407273745,
    6.345294434869656,
    6.216292549318828,
    6.159784587576935,
    6.047455131092169,
    5.949198617463225,
    5.7850928069585015,
    5.778426691737192,
    5.624713486778858,
    5.62361674422697,
    5.4475261164199775,
    5.351580508739875,
    5.296566187725133,
    5.175241714349786,
    5.103227778811504,
    5.018866370257257,
    4.952954799953988,
    4.872654075508638,
    4.805346266401505,
    4.744633987901968,
    4.704341075322734,
    4.59733515367573,
    4.589657606118368,
    4.504422891668899
  ],
  "train_play_losses": [
    0.6797627656126185,
    0.6697830934166501,
    0.6436559919000893,
    0.6258991460344491,
    0.6045671720757012,
    0.586617729057631,
    0.5584914282523731,
    0.5347498600393432,
    0.5193781372630148,
    0.4957277055689906,
    0.4776824459484413,
    0.46392327847130876,
    0.45272919484779695,
    0.4431381006391382,
    0.42820436403206186,
    0.41730598017013926,
    0.4044739744362164,
    0.40236951868485266,
    0.385083521032903,
    0.3778275860657871,
    0.3713020750483555,
    0.35716636570443877,
    0.35418344065292706,
    0.3528257221390363,
    0.3364490430560535,
    0.33322863354516113,
    0.32471907731310906,
    0.31159645143527626,
    0.31151684043045336,
    0.31271743441299366,
    0.31554844499956625,
    0.29492342943776995
  ],
  "train_card_losses": [
    1.3735785394805284,
    1.362839021983814,
    1.3475537409961427,
    1.326437141301282,
    1.3042098501436539,
    1.3062371749926753,
    1.2857098158309077,
    1.2666656671937415,
    1.2460115753343082,
    1.2024013542477996,
    1.1466835388347965,
    1.1003284358734158,
    1.0337110190261347,
    0.9776424900358447,
    0.8866141577070077,
    0.8413236353025094,
    0.771585226948961,
    0.728914765800022,
    0.6515543086266736,
    0.5993060371981546,
    0.5336362896423545,
    0.47999478385818695,
    0.43764433568286304,
    0.39538538451950184,
    0.3752496320398289,
    0.3389271783583667,
    0.2972645922325577,
    0.28014884947730806,
    0.27442299164338957,
    0.254939787588861,
    0.24699672514178597,
    0.24489508643450372
  ],
  "train_pos_losses": [
    5.741462088282198,
    4.831467716360255,
    4.816420784582457,
    4.742060933096824,
    4.7530887777894835,
    4.752687619407836,
    4.7238142775187315,
    4.750175613592102,
    4.706191196376553,
    4.694901708856785,
    4.639096946846503,
    4.642622845164745,
    4.608081300917746,
    4.574980118168906,
    4.5164931927117875,
    4.56646266325342,
    4.494575498047135,
    4.53865787681866,
    4.456776815876619,
    4.4197776797688455,
    4.437276775112738,
    4.383268611829842,
    4.356107007114554,
    4.315202557593076,
    4.285677369544124,
    4.244629130021704,
    4.227267614403682,
    4.196522252958382,
    4.161820491426227,
    4.072204549971701,
    4.0695858587583995,
    4.006993163567761
  ],
  "val_losses": [
    7.132177367577186,
    7.040524886204646,
    7.0003554050739,
    6.956030830970177,
    6.963598221998948,
    6.912705039978027,
    6.979904989095835,
    7.285660479618953,
    7.1277111053466795,
    7.126729282966027,
    7.488030286935659,
    9.29153800377479,
    7.650125437516433,
    8.439711820162259,
    7.558623372591459,
    9.464448459331805,
    8.96357416006235,
    8.868272539285513,
    9.729341910435604,
    8.16082907456618,
    13.24061324779804,
    9.193382255847638,
    9.273395817096416,
    9.895140310434195,
    11.762787158672626,
    12.376210777576153,
    9.203552840306209,
    14.599809969388522,
    11.666921226794903,
    10.446569200662466,
    10.720142892690806,
    10.629904006077693
  ],
  "val_accuracies": [
    0.024271844660194174,
    0.13689320388349516,
    0.06747572815533981,
    0.4601941747572815,
    0.11553398058252427,
    0.3504854368932039,
    0.6422330097087379,
    0.8135922330097087,
    0.7966019417475728,
    0.7364077669902913,
    0.048058252427184464,
    0.006310679611650485,
    0.8257281553398058,
    0.0645631067961165,
    0.49271844660194175,
    0.018446601941747572,
    0.8354368932038835,
    0.04563106796116505,
    0.05048543689320388,
    0.720873786407767,
    0.005825242718446602,
    0.25339805825242717,
    0.37087378640776697,
    0.8121359223300971,
    0.7509708737864078,
    0.8077669902912621,
    0.2650485436893204,
    0.11067961165048544,
    0.837378640776699,
    0.4092233009708738,
    0.46359223300970875,
    0.14902912621359224
  ],
  "val_action_recalls": [
    0.9909365558912386,
    0.8972809667673716,
    0.9697885196374623,
    0.6827794561933535,
    0.9486404833836858,
    0.7885196374622356,
    0.5347432024169184,
    0.1510574018126888,
    0.21148036253776434,
    0.3776435045317221,
    0.9788519637462235,
    1.0,
    0.09063444108761329,
    0.9697885196374623,
    0.6314199395770392,
    0.9879154078549849,
    0.04833836858006042,
    0.9818731117824774,
    0.9758308157099698,
    0.3867069486404834,
    1.0,
    0.8398791540785498,
    0.716012084592145,
    0.11782477341389729,
    0.28700906344410876,
    0.1299093655589124,
    0.8277945619335347,
    0.9123867069486404,
    0.021148036253776436,
    0.7129909365558912,
    0.6314199395770392,
    0.8972809667673716
  ],
  "val_action_precisions": [
    0.1628599801390268,
    0.1697142857142857,
    0.167274622199062,
    0.22287968441814596,
    0.17300275482093663,
    0.20470588235294118,
    0.3,
    0.4854368932038835,
    0.4430379746835443,
    0.36656891495601174,
    0.16539050535987748,
    0.1609922178988327,
    0.5172413793103449,
    0.16701352757544224,
    0.2261904761904762,
    0.16132215096201283,
    0.6666666666666666,
    0.16556291390728478,
    0.16547131147540983,
    0.34408602150537637,
    0.16091395235780262,
    0.1868279569892473,
    0.1970074812967581,
    0.4105263157894737,
    0.34296028880866425,
    0.39814814814814814,
    0.18754277891854895,
    0.1673130193905817,
    0.6363636363636364,
    0.2099644128113879,
    0.21239837398373984,
    0.17217391304347826
  ],
  "val_action_f1s": [
    0.2797441364605544,
    0.2854396924555502,
    0.2853333333333333,
    0.3360594795539033,
    0.29263746505125815,
    0.3250311332503113,
    0.3843648208469056,
    0.23041474654377878,
    0.28629856850715746,
    0.3720238095238096,
    0.28296943231441046,
    0.2773355676581483,
    0.1542416452442159,
    0.28495339547270304,
    0.33306772908366533,
    0.27735368956743,
    0.09014084507042254,
    0.2833478639930253,
    0.2829610162067455,
    0.364153627311522,
    0.27721943048576214,
    0.3056624518966465,
    0.30899608865710565,
    0.1830985915492958,
    0.3125,
    0.1958997722095672,
    0.30580357142857145,
    0.2827715355805243,
    0.04093567251461988,
    0.3243986254295533,
    0.3178707224334601,
    0.28891050583657585
  ],
  "val_noop_accuracies": [
    0.024869866975130134,
    0.15962984384037016,
    0.07576633892423366,
    0.5442452284557547,
    0.13186813186813187,
    0.41353383458646614,
    0.7611336032388664,
    0.9693464430306535,
    0.9491035280508965,
    0.8750722961249277,
    0.05436668594563331,
    0.002313475997686524,
    0.9838056680161943,
    0.07403123192596876,
    0.5864661654135338,
    0.0167727009832273,
    0.995373048004627,
    0.05263157894736842,
    0.0578368999421631,
    0.858877964141122,
    0.001735106998264893,
    0.3001735106998265,
    0.44129554655870445,
    0.9676113360323887,
    0.8947368421052632,
    0.9624060150375939,
    0.313475997686524,
    0.1307113938692886,
    0.9976865240023135,
    0.48640832851359167,
    0.551764025448236,
    0.17408906882591094
  ],