{
  "train_losses": [
    8.27342244023862,
    7.506589889526367,
    6.6520999291668765,
    6.5331439349962315,
    6.448833780703337,
    6.378493870341259,
    6.373533837691597,
    6.394398962933084,
    6.331119471010955,
    6.297651639710302,
    6.3140898248423705,
    6.177488442089246,
    6.16526990921601,
    6.129910914275957,
    6.070209905375605,
    6.074369608837626,
    6.027967083972434,
    5.949821298018746,
    5.96603072622548,
    5.896489881432575,
    5.838848379383917,
    5.710519412289495,
    5.723336456132972,
    5.704028745319532,
    5.6686895121698795,
    5.464824882797573,
    5.467944956862408,
    5.44201483933822,
    5.490602822925734,
    5.356773189876391,
    5.334889880470608,
    5.206263715806215,
    5.12239916531936,
    5.235196026511814,
    5.081959624912428,
    5.052713278065557,
    5.082734132849652,
    4.93553393923718,
    4.920018813921057,
    4.889423244414123,
    4.915061975562054,
    4.718675503005152,
    4.67109909005787,
    4.598569995942323
  ],
  "train_play_losses": [
    0.6778725831404976,
    0.6702802792839382,
    0.6677619182545206,
    0.6791712792023369,
    0.6706894055656765,
    0.6629590443942858,
    0.6692409844502158,
    0.6630749334459719,
    0.6453689567420794,
    0.6482936680316925,
    0.6420123971026876,
    0.6357872885206471,
    0.6308471345383188,
    0.6182435385558916,
    0.6175831965778185,
    0.6076281189918518,
    0.611410052879997,
    0.6069423237572545,
    0.5999290722867717,
    0.5983014111933501,
    0.5896737508151842,
    0.5850054572457852,
    0.5909868533196656,
    0.5876167932282323,
    0.5801420678263125,
    0.5675735722417417,
    0.5679544187110404,
    0.5684913995473281,
    0.5586016274016836,
    0.5559406309024147,
    0.5575186796810316,
    0.5537231388299362,
    0.5410748121531114,
    0.5420986263648323,
    0.5380455216635829,
    0.5338395289752794,
    0.5304622111113175,
    0.5400503840135491,
    0.5198030041611713,
    0.5343246693196504,
    0.5213488988254381,
    0.524301316427148,
    0.5159867372201836,
    0.5175748871720356
  ],
  "train_card_losses": [
    1.3939188853554103,
    1.3892331911169964,
    1.3762659425320833,
    1.404215259137361,
    1.4000789942948715,
    1.3961890573086946,
    1.3916134823923525,
    1.3894233610319056,
    1.375157408092333,
    1.37396399560182,
    1.3815934440364008,
    1.3482855537663336,
    1.3555824704792188,
    1.3595704068308292,
    1.349205149774966,
    1.3344605767208597,
    1.3135377272315647,
    1.3000749619110772,
    1.298698243887528,
    1.2734909451526144,
    1.2631599389988444,
    1.2130883408629376,
    1.2003447273503178,
    1.1987609972124513,
    1.1767850627069887,
    1.123597900763802,
    1.1044483490612196,
    1.0864877039971559,
    1.0904242494831915,
    1.0548071524371272,
    1.035337839178417,
    0.9820274752119313,
    0.9749096359895624,
    0.9870373041733451,
    0.9493780603875285,
    0.9163017096726791,
    0.8964619805307492,
    0.9029519227535828,
    0.8698659557363261,
    0.8611104724199875,
    0.8722672538912815,
    0.8059592761423277,
    0.7699572814547497,
    0.7823859880799833
  ],
  "train_pos_losses": [
    6.201630961376687,
    5.4470763911371645,
    4.6080720383188,
    4.449757403912751,
    4.37806539742843,
    4.319345779004304,
    4.3126793674800705,
    4.341900659644085,
    4.310593121984731,
    4.275393983592158,
    4.290483999252319,
    4.193415585808132,
    4.178840284762175,
    4.152097001283065,
    4.103421561614327,
    4.132280886691549,
    4.103019287275232,
    4.042804038006326,
    4.067403397352799,
    4.024697515238886,
    3.986014710301938,
    3.9124256051105,
    3.932004860173101,
    3.9176509753517483,
    3.911762397185616,
    3.7736534139384394,
    3.7955421820930813,
    3.7870357534159784,
    3.841576961849047,
    3.7460253922835642,
    3.7420333675716235,
    3.670513090880021,
    3.606414676749188,
    3.706060079906298,
    3.594536034957222,
    3.6025720451189125,
    3.65580995393836,
    3.4925316281940626,
    3.5303498268127442,
    3.493988086866296,
    3.521445838264797,
    3.3884149033090343,
    3.385155066199925,
    3.298609090887982
  ],
  "val_losses": [
    8.054785549640656,
    7.163684586683909,
    6.844832022984822,
    6.815245946248372,
    6.790804008642833,
    6.795157849788666,
    6.766933878262837,
    6.733035484949748,
    6.762322803338368,
    6.722481528917949,
    6.713287790616353,
    6.704968651135762,
    6.713400582472484,
    6.721306721369426,
    6.740969022115071,
    6.750228404998779,
    6.718025286992391,
    6.750434637069702,
    6.760186791419983,
    6.71456237634023,
    6.781216561794281,
    6.751509229342143,
    6.8014893134435015,
    6.812388737996419,
    6.843160768349965,
    7.033148725827535,
    6.946016788482666,
    6.872870405515035,
    6.982963442802429,
    6.931208372116089,
    7.051962236563365,
    7.0765300989151,
    7.020669996738434,
    7.275790413220723,
    7.236127475897471,
    7.136508921782176,
    7.184402088324229,
    7.223273317019145,
    7.342095712820689,
    7.326604286829631,
    7.185774306456248,
    7.491048872470856,
    7.241463541984558,
    7.258544345696767
  ],
  "val_accuracies": [
    0.0026109660574412533,
    0.30678851174934724,
    0.31070496083550914,
    0.34203655352480417,
    0.3825065274151436,
    0.07702349869451697,
    0.3785900783289817,
    0.4751958224543081,
    0.5156657963446475,
    0.5522193211488251,
    0.22715404699738903,
    0.5535248041775457,
    0.5274151436031331,
    0.5535248041775457,
    0.2793733681462141,
    0.5548302872062664,
    0.5861618798955613,
    0.3263707571801567,
    0.5078328981723238,
    0.6305483028720626,
    0.27676240208877284,
    0.3093994778067885,
    0.3198433420365535,
    0.4308093994778068,
    0.31592689295039167,
    0.6592689295039165,
    0.674934725848564,
    0.39556135770234985,
    0.2650130548302872,
    0.37467362924281983,
    0.402088772845953,
    0.3720626631853786,
    0.7219321148825065,
    0.2885117493472585,
    0.2780678851174935,
    0.7101827676240209,
    0.6723237597911227,
    0.6579634464751958,
    0.49216710182767626,
    0.7663185378590078,
    0.4869451697127937,
    0.7989556135770235,
    0.31201044386422977,
    0.412532637075718
  ],
  "val_action_recalls": [
    1.0,
    0.780952380952381,
    0.7714285714285715,
    0.7523809523809524,
    0.7428571428571429,
    1.0,
    0.7333333333333333,
    0.6476190476190476,
    0.6476190476190476,
    0.6,
    0.9428571428571428,
    0.6190476190476191,
    0.6285714285714286,
    0.6190476190476191,
    0.9428571428571428,
    0.5904761904761905,
    0.5333333333333333,
    0.8666666666666667,
    0.6952380952380952,
    0.45714285714285713,
    0.9238095238095239,
    0.9142857142857143,
    0.8476190476190476,
    0.6190476190476191,
    0.8761904761904762,
    0.3619047619047619,
    0.38095238095238093,
    0.6476190476190476,
    0.9238095238095239,
    0.7333333333333333,
    0.6571428571428571,
    0.6761904761904762,
    0.3238095238095238,
    0.8095238095238095,
    0.819047619047619,
    0.3619047619047619,
    0.37142857142857144,
    0.4,
    0.5619047619047619,
    0.26666666666666666,
    0.580952380952381,
    0.2,
    0.7523809523809524,
    0.6285714285714286
  ],